<?xml version = '1.0' encoding = 'UTF-8'?>
<FKIndexAssociation class="oracle.dbtools.crest.model.design.relational.FKIndexAssociation" directorySegmentName="seg_0" id="33B02540-A469-47DB-3620-D951C7ECCA39" containerWithKeyObject="140C83E8-131D-1D37-C644-FDB5F97C5FAA" localFKIndex="53343C05-6D13-113A-1D15-2B9BA2316EFB" name="cat_call_no_fk">
<createdBy>spca0</createdBy>
<createdTime>2024-09-17 14:19:10 UTC</createdTime>
<generatorID>695DED37-0BAD-EE44-299B-2A42EC4E91D6</generatorID>
<ownerDesignName>rcl_logical</ownerDesignName>
<referredTableLongName>CATALOGUE_ENTRY</referredTableLongName>
<deleteRule>NO ACTION</deleteRule>
<referredTableID>70D22FA6-1D1C-E731-29F1-6EDA0DF4D6E1</referredTableID>
<keyObject>1DF785AE-BCDB-21CA-23B5-FE129B1A9945</keyObject>
<referredKeyID>1DF785AE-BCDB-21CA-23B5-FE129B1A9945</referredKeyID>
<mandatory>true</mandatory>
<refColNames>cat_call_no</refColNames>
<transferable>true</transferable>
<rely>false</rely>
<columnDependencyConstraintGenerateInDDL>true</columnDependencyConstraintGenerateInDDL>
</FKIndexAssociation>
