<?xml version = '1.0' encoding = 'UTF-8'?>
<FKIndexAssociation class="oracle.dbtools.crest.model.design.relational.FKIndexAssociation" directorySegmentName="seg_0" id="7FA1670C-85A3-846C-B146-33EA64E03468" containerWithKeyObject="AB421046-D409-224C-A082-176F22920284" localFKIndex="172FD7BD-E01D-814C-65B5-03A64CE9E56A" name="borrower_no_fk">
<createdBy>spca0</createdBy>
<createdTime>2024-09-17 14:19:10 UTC</createdTime>
<generatorID>F15AD66D-3F4D-021F-A658-036A7E0160A9</generatorID>
<ownerDesignName>rcl_logical</ownerDesignName>
<referredTableLongName>BORROWER</referredTableLongName>
<deleteRule>NO ACTION</deleteRule>
<referredTableID>088E6B50-41EB-4938-CBF6-D563F2B5386E</referredTableID>
<keyObject>6281F61E-CDD4-1612-E922-47D14BB33C37</keyObject>
<referredKeyID>6281F61E-CDD4-1612-E922-47D14BB33C37</referredKeyID>
<mandatory>true</mandatory>
<refColNames>borrower_no</refColNames>
<transferable>true</transferable>
<rely>false</rely>
<columnDependencyConstraintGenerateInDDL>true</columnDependencyConstraintGenerateInDDL>
</FKIndexAssociation>
