<?xml version = '1.0' encoding = 'UTF-8'?>
<FKIndexAssociation class="oracle.dbtools.crest.model.design.relational.FKIndexAssociation" directorySegmentName="seg_0" id="9E411D55-5514-2095-E6DC-441BA3B26AB7" containerWithKeyObject="25E9BF5C-DF80-57B3-C3D5-4B40F54C79A0" localFKIndex="A155E951-ABD5-D1C3-AAE7-898376DF916F" name="cat_call_no_fkv2">
<createdBy>spca0</createdBy>
<createdTime>2024-09-17 14:19:10 UTC</createdTime>
<generatorID>8E7E5AE6-4B3B-42F2-29A8-5ED270007661</generatorID>
<ownerDesignName>rcl_logical</ownerDesignName>
<referredTableLongName>CATALOGUE_ENTRY</referredTableLongName>
<deleteRule>NO ACTION</deleteRule>
<referredTableID>70D22FA6-1D1C-E731-29F1-6EDA0DF4D6E1</referredTableID>
<keyObject>1DF785AE-BCDB-21CA-23B5-FE129B1A9945</keyObject>
<referredKeyID>1DF785AE-BCDB-21CA-23B5-FE129B1A9945</referredKeyID>
<mandatory>true</mandatory>
<refColNames>cat_call_no</refColNames>
<transferable>true</transferable>
<rely>false</rely>
<columnDependencyConstraintGenerateInDDL>true</columnDependencyConstraintGenerateInDDL>
</FKIndexAssociation>
