<?xml version = '1.0' encoding = 'UTF-8'?>
<Entity class="oracle.dbtools.crest.model.design.logical.Entity" directorySegmentName="seg_0" id="70790416-683A-8B60-192A-E7ADD429DB2D" name="CATALOGUE_SUBJECT">
<createdBy>spca0</createdBy>
<createdTime>2024-09-17 10:26:38 UTC</createdTime>
<ownerDesignName>rcl_logical</ownerDesignName>
<engineerTo>
<item key="E3463E34-E8E4-2CE2-9AD7-DB10AB119AEB" value="true"/>
</engineerTo>
<adequatelyNormalized>NO</adequatelyNormalized>
<expectedVolumes>0</expectedVolumes>
<fwdEngineeringStrategyName>Single Table</fwdEngineeringStrategyName>
<growthPercent>0</growthPercent>
<growthType>Year</growthType>
<maxVolumes>9999999</maxVolumes>
<minVolumes>0</minVolumes>
<normalForm>Third</normalForm>
<attributes itemClass="oracle.dbtools.crest.model.design.logical.Attribute">
<Attribute name="cat_call_no " id="71C4D1C4-8828-E0CA-9E78-2915FD80DBB5">
<createdBy>spca0</createdBy>
<createdTime>2024-09-17 10:29:06 UTC</createdTime>
<commentInRDBMS><![CDATA[catalogue's call number]]></commentInRDBMS>
<generatorID>677DEF2B-324C-F708-E250-BCB869DFF2C2</generatorID>
<ownerDesignName>rcl_logical</ownerDesignName>
<engineerTo>
<item key="E3463E34-E8E4-2CE2-9AD7-DB10AB119AEB" value="true"/>
</engineerTo>
<referedAttribute>A7A535F1-7E28-EE8A-42BB-3427110D97B5</referedAttribute>
<useDomainConstraints>false</useDomainConstraints>
<use>1</use>
<logicalDatatype>LOGDT024</logicalDatatype>
<dataTypeSize>50</dataTypeSize>
<ownDataTypeParameters>,,</ownDataTypeParameters>
</Attribute>
<Attribute name="subject_id" id="2A18097A-CB92-7125-9CB4-79BC9F9BF1C1">
<createdBy>spca0</createdBy>
<createdTime>2024-09-17 10:31:22 UTC</createdTime>
<generatorID>0B984067-6EE1-3156-401B-A4C8B943F689</generatorID>
<ownerDesignName>rcl_logical</ownerDesignName>
<engineerTo>
<item key="E3463E34-E8E4-2CE2-9AD7-DB10AB119AEB" value="true"/>
</engineerTo>
<referedAttribute>CD7ADA06-BA73-CE9D-EC93-3AFE47F88B81</referedAttribute>
<useDomainConstraints>false</useDomainConstraints>
<use>1</use>
<logicalDatatype>LOGDT025</logicalDatatype>
<dataTypeSize>4</dataTypeSize>
<ownDataTypeParameters>,,</ownDataTypeParameters>
</Attribute>
</attributes>
<identifiers itemClass="oracle.dbtools.crest.model.design.logical.CandidateKey">
<identifier id="7D6C7EF8-B766-F4B4-6713-0EB88B4382B6" name="CATALOGUE_SUBJECT PK">
<createdBy>spca0</createdBy>
<createdTime>2024-09-17 10:29:06 UTC</createdTime>
<ownerDesignName>rcl_logical</ownerDesignName>
<engineerTo>
<item key="E3463E34-E8E4-2CE2-9AD7-DB10AB119AEB" value="true"/>
</engineerTo>
<pk>true</pk>
<usedAttributes>
<attributeRef>71C4D1C4-8828-E0CA-9E78-2915FD80DBB5</attributeRef>
<attributeRef>2A18097A-CB92-7125-9CB4-79BC9F9BF1C1</attributeRef>
</usedAttributes>
</identifier>
</identifiers>
</Entity>
