<?xml version = '1.0' encoding = 'UTF-8'?>
<Entity class="oracle.dbtools.crest.model.design.logical.Entity" directorySegmentName="seg_0" id="B17D6347-F72F-286C-1E14-0709BAD0B314" name="BOOKCOPY">
<createdBy>spca0</createdBy>
<createdTime>2024-09-15 10:04:10 UTC</createdTime>
<comment><![CDATA[Table of each book copy]]></comment>
<ownerDesignName>rcl_logical</ownerDesignName>
<engineerTo>
<item key="E3463E34-E8E4-2CE2-9AD7-DB10AB119AEB" value="true"/>
</engineerTo>
<adequatelyNormalized>NO</adequatelyNormalized>
<expectedVolumes>0</expectedVolumes>
<fwdEngineeringStrategyName>Single Table</fwdEngineeringStrategyName>
<growthPercent>0</growthPercent>
<growthType>Year</growthType>
<maxVolumes>9999999</maxVolumes>
<minVolumes>0</minVolumes>
<normalForm>Third</normalForm>
<attributes itemClass="oracle.dbtools.crest.model.design.logical.Attribute">
<Attribute name="branch_code" id="81DD2E6A-C349-4C84-1805-B31F3A5F9C9C">
<createdBy>spca0</createdBy>
<createdTime>2024-09-15 10:27:27 UTC</createdTime>
<commentInRDBMS><![CDATA[Unique identifier for each branch]]></commentInRDBMS>
<generatorID>3E6EADE3-4516-A168-BE12-57E93C602DA9</generatorID>
<ownerDesignName>rcl_logical</ownerDesignName>
<engineerTo>
<item key="E3463E34-E8E4-2CE2-9AD7-DB10AB119AEB" value="true"/>
</engineerTo>
<referedAttribute>59776052-34D2-E883-9D6B-DE06F36DF358</referedAttribute>
<useDomainConstraints>false</useDomainConstraints>
<use>1</use>
<logicalDatatype>LOGDT025</logicalDatatype>
<dataTypeSize>3</dataTypeSize>
<ownDataTypeParameters>,,</ownDataTypeParameters>
</Attribute>
<Attribute name="bookcopy_id" id="90288859-E997-1FDE-5013-3C3FB192D386">
<createdBy>spca0</createdBy>
<createdTime>2024-09-15 10:04:19 UTC</createdTime>
<commentInRDBMS><![CDATA[unique identifer of each book copy]]></commentInRDBMS>
<ownerDesignName>rcl_logical</ownerDesignName>
<engineerTo>
<item key="E3463E34-E8E4-2CE2-9AD7-DB10AB119AEB" value="true"/>
</engineerTo>
<useDomainConstraints>false</useDomainConstraints>
<use>1</use>
<logicalDatatype>LOGDT025</logicalDatatype>
<dataTypeSize>4</dataTypeSize>
<ownDataTypeParameters>4,,</ownDataTypeParameters>
</Attribute>
<Attribute name="bookcopy_status" id="FDCE1C79-2DE6-06CB-9200-E53BE770BC24">
<createdBy>spca0</createdBy>
<createdTime>2024-09-15 10:04:20 UTC</createdTime>
<commentInRDBMS><![CDATA[book copy's condition like stolen, lost, or damaged.]]></commentInRDBMS>
<ownerDesignName>rcl_logical</ownerDesignName>
<engineerTo>
<item key="E3463E34-E8E4-2CE2-9AD7-DB10AB119AEB" value="true"/>
</engineerTo>
<useDomainConstraints>false</useDomainConstraints>
<use>1</use>
<logicalDatatype>LOGDT024</logicalDatatype>
<dataTypeSize>50</dataTypeSize>
<ownDataTypeParameters>50,,</ownDataTypeParameters>
</Attribute>
<Attribute name="bookcopy_price" id="B81A591D-3691-40D5-4F22-6B0AE1490D83">
<createdBy>spca0</createdBy>
<createdTime>2024-09-15 10:04:20 UTC</createdTime>
<commentInRDBMS><![CDATA[bookcopy's price]]></commentInRDBMS>
<ownerDesignName>rcl_logical</ownerDesignName>
<engineerTo>
<item key="E3463E34-E8E4-2CE2-9AD7-DB10AB119AEB" value="true"/>
</engineerTo>
<useDomainConstraints>false</useDomainConstraints>
<use>1</use>
<logicalDatatype>LOGDT019</logicalDatatype>
<dataTypePrecision>10</dataTypePrecision>
<dataTypeScale>2</dataTypeScale>
<ownDataTypeParameters>,10,2</ownDataTypeParameters>
</Attribute>
<Attribute name="isbn_code" id="97C675C8-D4DB-9159-0685-EF02E629CF59">
<createdBy>spca0</createdBy>
<createdTime>2024-09-17 10:35:33 UTC</createdTime>
<commentInRDBMS><![CDATA[isbn that consist with 13 digits]]></commentInRDBMS>
<generatorID>1B383126-B52F-08B8-0F2E-4491F576549A</generatorID>
<ownerDesignName>rcl_logical</ownerDesignName>
<engineerTo>
<item key="E3463E34-E8E4-2CE2-9AD7-DB10AB119AEB" value="true"/>
</engineerTo>
<referedAttribute>F5AB94DB-7C7C-FFA3-79E4-8342AF90293A</referedAttribute>
<useDomainConstraints>false</useDomainConstraints>
<use>1</use>
<logicalDatatype>LOGDT025</logicalDatatype>
<dataTypeSize>13</dataTypeSize>
<ownDataTypeParameters>,,</ownDataTypeParameters>
</Attribute>
</attributes>
<identifiers itemClass="oracle.dbtools.crest.model.design.logical.CandidateKey">
<identifier id="0F1551FE-4721-52D3-C263-6685492FC843" name="BOOKCOPY PK">
<createdBy>spca0</createdBy>
<createdTime>2024-09-15 10:05:52 UTC</createdTime>
<ownerDesignName>rcl_logical</ownerDesignName>
<engineerTo>
<item key="E3463E34-E8E4-2CE2-9AD7-DB10AB119AEB" value="true"/>
</engineerTo>
<pk>true</pk>
<usedAttributes>
<attributeRef>90288859-E997-1FDE-5013-3C3FB192D386</attributeRef>
<attributeRef>81DD2E6A-C349-4C84-1805-B31F3A5F9C9C</attributeRef>
</usedAttributes>
</identifier>
</identifiers>
</Entity>
