<?xml version = '1.0' encoding = 'UTF-8'?>
<Entity class="oracle.dbtools.crest.model.design.logical.Entity" directorySegmentName="seg_0" id="DEDBE048-B461-C445-F91C-395BE90976DA" name="PUBLISHER">
<createdBy>spca0</createdBy>
<createdTime>2024-09-15 10:14:07 UTC</createdTime>
<comment><![CDATA[table for the publisher]]></comment>
<ownerDesignName>rcl_logical</ownerDesignName>
<engineerTo>
<item key="E3463E34-E8E4-2CE2-9AD7-DB10AB119AEB" value="true"/>
</engineerTo>
<adequatelyNormalized>NO</adequatelyNormalized>
<expectedVolumes>0</expectedVolumes>
<fwdEngineeringStrategyName>Single Table</fwdEngineeringStrategyName>
<growthPercent>0</growthPercent>
<growthType>Year</growthType>
<maxVolumes>9999999</maxVolumes>
<minVolumes>0</minVolumes>
<normalForm>Third</normalForm>
<attributes itemClass="oracle.dbtools.crest.model.design.logical.Attribute">
<Attribute name="publisher_id" id="239B1822-0AD3-A7BD-A690-A97538335522">
<createdBy>spca0</createdBy>
<createdTime>2024-09-15 10:14:14 UTC</createdTime>
<commentInRDBMS><![CDATA[unique identifer of publisher]]></commentInRDBMS>
<ownerDesignName>rcl_logical</ownerDesignName>
<engineerTo>
<item key="E3463E34-E8E4-2CE2-9AD7-DB10AB119AEB" value="true"/>
</engineerTo>
<useDomainConstraints>false</useDomainConstraints>
<use>1</use>
<logicalDatatype>LOGDT025</logicalDatatype>
<dataTypeSize>4</dataTypeSize>
<ownDataTypeParameters>4,,</ownDataTypeParameters>
</Attribute>
<Attribute name="publisher_name " id="710C95A8-6F14-C5B9-2711-5ADA9672946B">
<createdBy>spca0</createdBy>
<createdTime>2024-09-15 10:14:15 UTC</createdTime>
<commentInRDBMS><![CDATA[publisher's name]]></commentInRDBMS>
<ownerDesignName>rcl_logical</ownerDesignName>
<engineerTo>
<item key="E3463E34-E8E4-2CE2-9AD7-DB10AB119AEB" value="true"/>
</engineerTo>
<useDomainConstraints>false</useDomainConstraints>
<use>1</use>
<logicalDatatype>LOGDT024</logicalDatatype>
<dataTypeSize>50</dataTypeSize>
<ownDataTypeParameters>50,,</ownDataTypeParameters>
</Attribute>
</attributes>
<identifiers itemClass="oracle.dbtools.crest.model.design.logical.CandidateKey">
<identifier id="1D03470A-BF05-F9DA-ECA3-C6208048E20D" name="PUBLISHER PK">
<createdBy>spca0</createdBy>
<createdTime>2024-09-15 10:14:41 UTC</createdTime>
<ownerDesignName>rcl_logical</ownerDesignName>
<engineerTo>
<item key="E3463E34-E8E4-2CE2-9AD7-DB10AB119AEB" value="true"/>
</engineerTo>
<pk>true</pk>
<usedAttributes>
<attributeRef>239B1822-0AD3-A7BD-A690-A97538335522</attributeRef>
</usedAttributes>
</identifier>
</identifiers>
</Entity>
