<?xml version = '1.0' encoding = 'UTF-8'?>
<Entity class="oracle.dbtools.crest.model.design.logical.Entity" directorySegmentName="seg_0" id="E3965720-ACFE-703D-083A-7F82B1EE55EE" name="FINE">
<createdBy>spca0</createdBy>
<createdTime>2024-09-17 10:37:46 UTC</createdTime>
<ownerDesignName>rcl_logical</ownerDesignName>
<engineerTo>
<item key="E3463E34-E8E4-2CE2-9AD7-DB10AB119AEB" value="true"/>
</engineerTo>
<adequatelyNormalized>NO</adequatelyNormalized>
<expectedVolumes>0</expectedVolumes>
<fwdEngineeringStrategyName>Single Table</fwdEngineeringStrategyName>
<growthPercent>0</growthPercent>
<growthType>Year</growthType>
<maxVolumes>9999999</maxVolumes>
<minVolumes>0</minVolumes>
<normalForm>Third</normalForm>
<attributes itemClass="oracle.dbtools.crest.model.design.logical.Attribute">
<Attribute name="fine_id" id="8DF73573-9BCD-55EB-09B8-521AC0C7950A">
<createdBy>spca0</createdBy>
<createdTime>2024-09-17 10:38:09 UTC</createdTime>
<commentInRDBMS><![CDATA[fine id for manage the fine of loan]]></commentInRDBMS>
<ownerDesignName>rcl_logical</ownerDesignName>
<engineerTo>
<item key="E3463E34-E8E4-2CE2-9AD7-DB10AB119AEB" value="true"/>
</engineerTo>
<useDomainConstraints>false</useDomainConstraints>
<use>1</use>
<logicalDatatype>LOGDT025</logicalDatatype>
<dataTypeSize>4</dataTypeSize>
<ownDataTypeParameters>4,,</ownDataTypeParameters>
</Attribute>
<Attribute name="fine_amount" id="063320E2-4FED-7ECD-A105-16EDEA246450">
<createdBy>spca0</createdBy>
<createdTime>2024-09-17 10:38:10 UTC</createdTime>
<commentInRDBMS><![CDATA[the amount of the fine per loan]]></commentInRDBMS>
<ownerDesignName>rcl_logical</ownerDesignName>
<engineerTo>
<item key="E3463E34-E8E4-2CE2-9AD7-DB10AB119AEB" value="true"/>
</engineerTo>
<nullsAllowed>true</nullsAllowed>
<useDomainConstraints>false</useDomainConstraints>
<use>1</use>
<logicalDatatype>LOGDT019</logicalDatatype>
<dataTypePrecision>10</dataTypePrecision>
<dataTypeScale>2</dataTypeScale>
<ownDataTypeParameters>,10,2</ownDataTypeParameters>
</Attribute>
<Attribute name="fine_paydate" id="17FCDE0C-F200-62F8-96FF-C5787AA76D97">
<createdBy>spca0</createdBy>
<createdTime>2024-09-17 10:38:13 UTC</createdTime>
<commentInRDBMS><![CDATA[the date of the payment of fine]]></commentInRDBMS>
<ownerDesignName>rcl_logical</ownerDesignName>
<engineerTo>
<item key="E3463E34-E8E4-2CE2-9AD7-DB10AB119AEB" value="true"/>
</engineerTo>
<nullsAllowed>true</nullsAllowed>
<useDomainConstraints>false</useDomainConstraints>
<use>1</use>
<logicalDatatype>LOGDT007</logicalDatatype>
<ownDataTypeParameters>,,</ownDataTypeParameters>
</Attribute>
<Attribute name="loan_id" id="62030BF7-F9E3-84AE-6AFA-41F3771F22BC">
<createdBy>spca0</createdBy>
<createdTime>2024-09-17 10:44:00 UTC</createdTime>
<commentInRDBMS><![CDATA[loan's unique identifer]]></commentInRDBMS>
<generatorID>C666F938-F9C1-38A4-01D2-E3B38CEBEC11</generatorID>
<ownerDesignName>rcl_logical</ownerDesignName>
<engineerTo>
<item key="E3463E34-E8E4-2CE2-9AD7-DB10AB119AEB" value="true"/>
</engineerTo>
<referedAttribute>1294D777-BB7C-96BC-2A41-F71C6E049B06</referedAttribute>
<useDomainConstraints>false</useDomainConstraints>
<use>1</use>
<logicalDatatype>LOGDT025</logicalDatatype>
<dataTypeSize>8</dataTypeSize>
<ownDataTypeParameters>,,</ownDataTypeParameters>
</Attribute>
</attributes>
<identifiers itemClass="oracle.dbtools.crest.model.design.logical.CandidateKey">
<identifier id="36F453A0-FC49-A23A-2056-68B1AEDF0E56" name="FINE PK">
<createdBy>spca0</createdBy>
<createdTime>2024-09-17 10:46:17 UTC</createdTime>
<ownerDesignName>rcl_logical</ownerDesignName>
<engineerTo>
<item key="E3463E34-E8E4-2CE2-9AD7-DB10AB119AEB" value="true"/>
</engineerTo>
<pk>true</pk>
<usedAttributes>
<attributeRef>8DF73573-9BCD-55EB-09B8-521AC0C7950A</attributeRef>
</usedAttributes>
</identifier>
<identifier id="38095AC2-370A-9685-B517-99AC88FB10E5" name="FINE_UQ">
<createdBy>spca0</createdBy>
<createdTime>2024-09-17 10:50:57 UTC</createdTime>
<ownerDesignName>rcl_logical</ownerDesignName>
<engineerTo>
<item key="E3463E34-E8E4-2CE2-9AD7-DB10AB119AEB" value="true"/>
</engineerTo>
<newElementsIDs>62030BF7-F9E3-84AE-6AFA-41F3771F22BC</newElementsIDs>
<usedAttributes>
<attributeRef>62030BF7-F9E3-84AE-6AFA-41F3771F22BC</attributeRef>
</usedAttributes>
</identifier>
</identifiers>
</Entity>
