<?xml version = '1.0' encoding = 'UTF-8'?>
<Relation class="oracle.dbtools.crest.model.design.logical.Relation" name="suject_id_fk" directorySegmentName="seg_0" id="0B984067-6EE1-3156-401B-A4C8B943F689">
<createdBy>spca0</createdBy>
<createdTime>2024-09-17 10:29:56 UTC</createdTime>
<ownerDesignName>rcl_logical</ownerDesignName>
<engineerTo>
<item key="E3463E34-E8E4-2CE2-9AD7-DB10AB119AEB" value="true"/>
</engineerTo>
<sourcePk>E7E9613A-5DCA-F815-7EF3-A497C307210B</sourcePk>
<identifying>true</identifying>
<nameOnSource>has</nameOnSource>
<nameOnTarget> </nameOnTarget>
<optionalSource>true</optionalSource>
<optionalTarget>false</optionalTarget>
<sourceCardinality>1</sourceCardinality>
<sourceEntity>8CE275D1-EBFB-E6EE-7688-ED1ED8C30775</sourceEntity>
<targetCardinalityString>*</targetCardinalityString>
<targetEntity>70790416-683A-8B60-192A-E7ADD429DB2D</targetEntity>
<transferable>true</transferable>
<deleteRule>NO ACTION</deleteRule>
</Relation>
