<?xml version = '1.0' encoding = 'UTF-8'?>
<Relation class="oracle.dbtools.crest.model.design.logical.Relation" name="isbn_no_fk" directorySegmentName="seg_0" id="1B383126-B52F-08B8-0F2E-4491F576549A">
<createdBy>spca0</createdBy>
<createdTime>2024-09-15 10:30:22 UTC</createdTime>
<ownerDesignName>rcl_logical</ownerDesignName>
<engineerTo>
<item key="E3463E34-E8E4-2CE2-9AD7-DB10AB119AEB" value="true"/>
</engineerTo>
<sourcePk>59E907CE-C75A-C3CF-CCE5-E470182DFFD8</sourcePk>
<identifying>false</identifying>
<nameOnSource>has</nameOnSource>
<nameOnTarget> </nameOnTarget>
<optionalSource>true</optionalSource>
<optionalTarget>false</optionalTarget>
<sourceCardinality>1</sourceCardinality>
<sourceEntity>4E3B8C91-16AE-1C02-60A1-EB390250E56B</sourceEntity>
<targetCardinalityString>*</targetCardinalityString>
<targetEntity>B17D6347-F72F-286C-1E14-0709BAD0B314</targetEntity>
<transferable>true</transferable>
<deleteRule>NO ACTION</deleteRule>
</Relation>
