<?xml version = '1.0' encoding = 'UTF-8'?>
<Relation class="oracle.dbtools.crest.model.design.logical.Relation" name="bookcopy_id_fk" directorySegmentName="seg_0" id="224F7722-3FE8-CC50-94A3-80E967652B7E">
<createdBy>spca0</createdBy>
<createdTime>2024-09-15 10:29:42 UTC</createdTime>
<ownerDesignName>rcl_logical</ownerDesignName>
<engineerTo>
<item key="E3463E34-E8E4-2CE2-9AD7-DB10AB119AEB" value="true"/>
</engineerTo>
<sourcePk>0F1551FE-4721-52D3-C263-6685492FC843</sourcePk>
<identifying>false</identifying>
<nameOnSource>goes out on</nameOnSource>
<nameOnTarget> </nameOnTarget>
<optionalSource>true</optionalSource>
<optionalTarget>false</optionalTarget>
<sourceCardinality>1</sourceCardinality>
<sourceEntity>B17D6347-F72F-286C-1E14-0709BAD0B314</sourceEntity>
<targetCardinalityString>*</targetCardinalityString>
<targetEntity>9B573F62-597D-E900-31E9-0F4D23AC665F</targetEntity>
<transferable>true</transferable>
<deleteRule>NO ACTION</deleteRule>
</Relation>
