<?xml version = '1.0' encoding = 'UTF-8'?>
<Relation class="oracle.dbtools.crest.model.design.logical.Relation" name="borrower_no_fkv2" directorySegmentName="seg_0" id="29C6F197-55D1-9914-60BB-BEBEF41E3A9D">
<createdBy>spca0</createdBy>
<createdTime>2024-09-15 14:17:12 UTC</createdTime>
<ownerDesignName>rcl_logical</ownerDesignName>
<engineerTo>
<item key="E3463E34-E8E4-2CE2-9AD7-DB10AB119AEB" value="true"/>
</engineerTo>
<sourcePk>DCD139B6-74E5-363B-46A3-D8C5CDD64BE1</sourcePk>
<identifying>false</identifying>
<nameOnSource>reserves</nameOnSource>
<nameOnTarget> </nameOnTarget>
<optionalSource>true</optionalSource>
<optionalTarget>false</optionalTarget>
<sourceCardinality>1</sourceCardinality>
<sourceEntity>3C0D43E6-3D9B-F69D-66E0-26F3E1A461A7</sourceEntity>
<targetCardinalityString>*</targetCardinalityString>
<targetEntity>F68800EF-3002-442F-9F14-2EDF5D53825E</targetEntity>
<transferable>true</transferable>
<deleteRule>NO ACTION</deleteRule>
</Relation>
