<?xml version = '1.0' encoding = 'UTF-8'?>
<Relation class="oracle.dbtools.crest.model.design.logical.Relation" name="publisher_id_fk" directorySegmentName="seg_0" id="30DB19BE-8AA0-3B44-B121-E53EE0947D67">
<createdBy>spca0</createdBy>
<createdTime>2024-09-17 10:25:14 UTC</createdTime>
<ownerDesignName>rcl_logical</ownerDesignName>
<engineerTo>
<item key="E3463E34-E8E4-2CE2-9AD7-DB10AB119AEB" value="true"/>
</engineerTo>
<sourcePk>1D03470A-BF05-F9DA-ECA3-C6208048E20D</sourcePk>
<identifying>false</identifying>
<nameOnSource>publishes</nameOnSource>
<nameOnTarget> </nameOnTarget>
<optionalSource>false</optionalSource>
<optionalTarget>false</optionalTarget>
<sourceCardinality>1</sourceCardinality>
<sourceEntity>DEDBE048-B461-C445-F91C-395BE90976DA</sourceEntity>
<targetCardinalityString>*</targetCardinalityString>
<targetEntity>1D9CE28F-A28C-AF0C-FA1F-2C9D2B2F61CC</targetEntity>
<transferable>true</transferable>
<deleteRule>NO ACTION</deleteRule>
</Relation>
