<?xml version = '1.0' encoding = 'UTF-8'?>
<Relation class="oracle.dbtools.crest.model.design.logical.Relation" name="branch_code_fkv3" directorySegmentName="seg_0" id="3E6EADE3-4516-A168-BE12-57E93C602DA9">
<createdBy>spca0</createdBy>
<createdTime>2024-09-15 10:27:27 UTC</createdTime>
<ownerDesignName>rcl_logical</ownerDesignName>
<engineerTo>
<item key="E3463E34-E8E4-2CE2-9AD7-DB10AB119AEB" value="true"/>
</engineerTo>
<sourcePk>48331979-2180-1BD9-BD93-41833980BC22</sourcePk>
<identifying>true</identifying>
<nameOnSource>stores</nameOnSource>
<nameOnTarget> </nameOnTarget>
<optionalSource>false</optionalSource>
<optionalTarget>false</optionalTarget>
<sourceCardinality>1</sourceCardinality>
<sourceEntity>D706AEAA-4A65-C798-FB50-3B73727ABE0F</sourceEntity>
<targetCardinalityString>*</targetCardinalityString>
<targetEntity>B17D6347-F72F-286C-1E14-0709BAD0B314</targetEntity>
<transferable>true</transferable>
<deleteRule>NO ACTION</deleteRule>
</Relation>
