<?xml version = '1.0' encoding = 'UTF-8'?>
<Relation class="oracle.dbtools.crest.model.design.logical.Relation" name="author_code_fk" directorySegmentName="seg_0" id="555BA27A-CF2C-27AD-604B-E32E8211F326">
<createdBy>spca0</createdBy>
<createdTime>2024-09-15 10:37:25 UTC</createdTime>
<ownerDesignName>rcl_logical</ownerDesignName>
<engineerTo>
<item key="E3463E34-E8E4-2CE2-9AD7-DB10AB119AEB" value="true"/>
</engineerTo>
<sourcePk>07C31AB0-F4CF-F226-B556-B77A8F886888</sourcePk>
<identifying>true</identifying>
<nameOnSource>writes</nameOnSource>
<nameOnTarget> </nameOnTarget>
<optionalSource>false</optionalSource>
<optionalTarget>false</optionalTarget>
<sourceCardinality>1</sourceCardinality>
<sourceEntity>E7F42577-326A-77A7-D980-CEA66B757BE0</sourceEntity>
<targetCardinalityString>*</targetCardinalityString>
<targetEntity>01BAA1CD-8251-0F82-0243-930BBE55EDD8</targetEntity>
<transferable>true</transferable>
<deleteRule>NO ACTION</deleteRule>
</Relation>
