<?xml version = '1.0' encoding = 'UTF-8'?>
<Relation class="oracle.dbtools.crest.model.design.logical.Relation" name="book_type_id_fk" directorySegmentName="seg_0" id="66EB4E4E-EB50-F475-4373-724ED2AA24FD">
<createdBy>spca0</createdBy>
<createdTime>2024-09-17 10:34:07 UTC</createdTime>
<ownerDesignName>rcl_logical</ownerDesignName>
<engineerTo>
<item key="E3463E34-E8E4-2CE2-9AD7-DB10AB119AEB" value="true"/>
</engineerTo>
<sourcePk>E9B2FEAF-3948-64F8-7ACB-BD34D62FEEA0</sourcePk>
<identifying>false</identifying>
<optionalSource>true</optionalSource>
<optionalTarget>false</optionalTarget>
<sourceCardinality>1</sourceCardinality>
<sourceEntity>E7B4352B-9B05-7E07-22E6-7B3D6B740BD4</sourceEntity>
<targetCardinalityString>*</targetCardinalityString>
<targetEntity>4E3B8C91-16AE-1C02-60A1-EB390250E56B</targetEntity>
<transferable>true</transferable>
<deleteRule>NO ACTION</deleteRule>
</Relation>
