<?xml version = '1.0' encoding = 'UTF-8'?>
<relationalModel class="oracle.dbtools.crest.model.design.relational.RelationalDesign" name="Relational_1" id="E3463E34-E8E4-2CE2-9AD7-DB10AB119AEB" mainViewID="7A2EADC0-E220-133B-7FE5-37D498D83BA7">
<createdBy>spca0</createdBy>
<createdTime>2024-08-28 08:10:12 UTC</createdTime>
<ownerDesignName>custorders_oraclemodel</ownerDesignName>
<shouldBeOpen>true</shouldBeOpen>
<selectedRDBMSSite>3FD120B5-9F4E-6278-D5E2-746D192C8319</selectedRDBMSSite>
</relationalModel>
