<?xml version = '1.0' encoding = 'UTF-8'?>
<Table class="oracle.dbtools.crest.model.design.relational.Table" directorySegmentName="seg_0" id="70E3972F-C1A3-96A5-870F-2D5022D1490E" name="AUTHOR">
<createdBy>spca0</createdBy>
<createdTime>2024-09-17 14:19:10 UTC</createdTime>
<comment><![CDATA[table for author]]></comment>
<generatorID>E7F42577-326A-77A7-D980-CEA66B757BE0</generatorID>
<ownerDesignName>rcl_logical</ownerDesignName>
<allowColumnReorder>false</allowColumnReorder>
<existDependencyGenerateInDDl>true</existDependencyGenerateInDDl>
<parsed>true</parsed>
<columns itemClass="oracle.dbtools.crest.model.design.relational.Column">
<Column name="author_id" id="328BDF0E-4847-DA3F-59BD-D7012CF16E55">
<createdBy>spca0</createdBy>
<createdTime>2024-09-17 14:19:10 UTC</createdTime>
<commentInRDBMS><![CDATA[author's id]]></commentInRDBMS>
<generatorID>73F896DD-B7B3-5BAB-8E3C-CAA5D6B31701</generatorID>
<ownerDesignName>rcl_logical</ownerDesignName>
<useDomainConstraints>false</useDomainConstraints>
<use>1</use>
<logicalDatatype>LOGDT025</logicalDatatype>
<dataTypeSize>4</dataTypeSize>
<ownDataTypeParameters>4,,</ownDataTypeParameters>
<autoIncrementCycle>false</autoIncrementCycle>
</Column>
<Column name="author_first_name" id="BDD75B0A-1EA4-947B-F02E-B1E362929037">
<createdBy>spca0</createdBy>
<createdTime>2024-09-17 14:19:10 UTC</createdTime>
<commentInRDBMS><![CDATA[author's first name]]></commentInRDBMS>
<generatorID>58FB4E6B-8204-7CDA-B54D-671016898CC2</generatorID>
<ownerDesignName>rcl_logical</ownerDesignName>
<useDomainConstraints>false</useDomainConstraints>
<use>1</use>
<logicalDatatype>LOGDT024</logicalDatatype>
<dataTypeSize>50</dataTypeSize>
<ownDataTypeParameters>50,,</ownDataTypeParameters>
<autoIncrementCycle>false</autoIncrementCycle>
</Column>
<Column name="author_last_name" id="FAE13414-8BD4-02CB-3E09-F08C2914D2D8">
<createdBy>spca0</createdBy>
<createdTime>2024-09-17 14:19:10 UTC</createdTime>
<commentInRDBMS><![CDATA[author's last name]]></commentInRDBMS>
<generatorID>1A2DB6A2-829C-A640-F4F4-9A963C9E54F9</generatorID>
<ownerDesignName>rcl_logical</ownerDesignName>
<useDomainConstraints>false</useDomainConstraints>
<use>1</use>
<logicalDatatype>LOGDT024</logicalDatatype>
<dataTypeSize>50</dataTypeSize>
<ownDataTypeParameters>50,,</ownDataTypeParameters>
<autoIncrementCycle>false</autoIncrementCycle>
</Column>
</columns>
<indexes itemClass="oracle.dbtools.crest.model.design.relational.Index">
<ind_PK_UK id="F36B793C-BB58-6D7E-19A0-DB79EBDF30EC" name="AUTHOR_PK">
<createdBy>spca0</createdBy>
<createdTime>2024-09-17 14:19:10 UTC</createdTime>
<generatorID>07C31AB0-F4CF-F226-B556-B77A8F886888</generatorID>
<ownerDesignName>rcl_logical</ownerDesignName>
<pk>true</pk>
<indexState>Primary Constraint</indexState>
<isSurrogateKey>false</isSurrogateKey>
<indexColumnUsage>
<colUsage columnID="328BDF0E-4847-DA3F-59BD-D7012CF16E55"/>
</indexColumnUsage>
</ind_PK_UK>
</indexes>
</Table>
